Timestamp,Strategy,Action,Decision_Source,Price,Quantity,Amount,Position_Size,Reason,Improvement,AI_Enabled,Cash_Before,Cash_After,BTC_Before,BTC_After,Portfolio_Value_Before,Portfolio_Value_After,Profit
2025-06-07 08:00:00,GemmaLearner,BUY,RULES,104746.44,0.04773431918068051,5000.0,5.0,EMA12>EMA26,None,True,100000.0,95000.0,0.0,0.04773431918068051,100000.0,100000.0,
2025-06-08 08:00:00,GemmaLearner,BUY,RULES,105373.81,0.045077614636881785,4750.0,5.0,EMA12>EMA26,None,True,95000.0,90250.0,0.04773431918068051,0.0928119338175623,100029.94707982439,100029.94707982439,
2025-06-09 08:00:00,GemmaLearner,BUY,RULES,105926.39,0.04260033783838003,4512.5,5.0,EMA12>EMA26,None,False,90250.0,85737.5,0.09281193381756231,0.13541227165594233,100081.2330982133,100081.2330982133,
2025-06-10 08:00:00,GemmaLearner,BUY,RULES,109082.65,0.07859865890680141,8573.75,10.0,SMA50>SMA200 & MACD>0 & RSI>55,None,True,85737.5,77163.75,0.13541227165594233,0.21401093056274373,100508.62943475008,100508.62943475008,
2025-06-11 08:00:00,GemmaLearner,BUY,RULES,109576.02,0.07042028903769273,7716.375,10.0,SMA50>SMA200 & MACD>0 & RSI>55,None,True,77163.75,69447.375,0.21401093056274376,0.2844312196004365,100614.21600756183,100614.21600756183,
2025-06-12 08:00:00,GemmaLearner,SELL,RULES,107731.67,0.014221560980021825,1532.112514384588,5.0,EMA12<EMA26,None,True,69447.375,70979.48751438459,0.2844312196004365,0.2702096586204147,100089.62528769176,100089.62528769176,4.48126438458785
2025-06-13 08:00:00,GemmaLearner,SELL,RULES,104739.45,0.013510482931020735,1415.0805514294998,5.0,EMA12<EMA26,None,True,70979.48751438459,72394.56806581409,0.2702096586204147,0.25669917568939393,99281.09854297458,99281.09854297458,-36.16913607050042
2025-06-14 08:00:00,GemmaLearner,SELL,RULES,105095.03,0.012834958784469698,1348.8903785026064,5.0,EMA12<EMA26,None,True,72394.56806581409,73743.4584443167,0.25669917568939393,0.24386421690492424,99372.37563586622,99372.37563586622,-29.796824622393828
2025-06-15 08:00:00,GemmaLearner,BUY,RULES,105197.19,0.03505010848878982,3687.172922215835,5.0,EMA12>EMA26,None,False,73743.4584443167,70056.28552210086,0.24386421690492427,0.2789143253937141,99397.28880426523,99397.28880426523,
2025-06-16 08:00:00,GemmaLearner,BUY,RULES,107180.0,0.03268160362105844,3502.8142761050435,5.0,EMA12>EMA26,None,True,70056.28552210086,66553.47124599582,0.2789143253937141,0.3115959290147725,99950.32291779915,99950.32291779915,
2025-06-17 08:00:00,GemmaLearner,BUY,RULES,106568.06,0.031225805952550804,3327.6735622997912,5.0,EMA12>EMA26,None,False,66553.47124599582,63225.79768369603,0.3115959290147725,0.3428217349673233,99759.64490499784,99759.64490499784,
2025-06-18 08:00:00,GemmaLearner,SELL,RULES,104949.9,0.017141086748366167,1798.9553401323544,5.0,EMA12<EMA26,None,True,63225.79768369603,65024.75302382839,0.3428217349673233,0.32568064821895715,99204.90448634312,99204.90448634312,-36.680540867429414
2025-06-19 08:00:00,GemmaLearner,BUY,RULES,104746.12,0.031039217979543485,3251.2376511914194,5.0,RSI>60 & price>SMA20,None,False,65024.75302382839,61773.51537263697,0.32568064821895715,0.35671986619850066,99138.53728384906,99138.53728384906,
2025-06-20 08:00:00,GemmaLearner,BUY,RULES,105959.68,0.02914953847191544,3088.6757686318488,5.0,EMA12>EMA26,None,True,61773.51537263696,58684.839604005116,0.35671986619850066,0.3858694046704161,99571.4382446729,99571.4382446729,
2025-06-21 08:00:00,GemmaLearner,BUY,RULES,103826.03,0.028261140103307967,2934.241980200256,5.0,RSI>60 & price>SMA20,None,True,58684.839604005116,55750.59762380486,0.3858694046704161,0.4141305447737241,98748.12798939788,98748.12798939788,
2025-06-22 08:00:00,GemmaLearner,SELL,RULES,102712.34,0.020706527238686205,2126.8158659591986,5.0,EMA12<EMA26,None,True,55750.59762380486,57877.41348976406,0.4141305447737241,0.39342401753503786,98286.91494298883,98286.91494298883,-80.74599099177235
2025-06-23 08:00:00,GemmaLearner,BUY,RULES,101881.37,0.028404316456366884,2893.8706744882033,5.0,EMA12>EMA26,None,True,57877.41348976406,54983.54281527586,0.39342401753503786,0.42182833399140474,97959.99138713774,97959.99138713774,
2025-06-24 08:00:00,GemmaLearner,BUY,RULES,104996.77,0.026183444888483648,2749.1771407637934,5.0,EMA12>EMA26,None,True,54983.54281527586,52234.36567451207,0.42182833399140474,0.4480117788798884,99274.15537885457,99274.15537885457,
2025-06-25 08:00:00,GemmaLearner,BUY,RULES,106635.76,0.048983910908040676,5223.436567451207,10.0,SMA50>SMA200 & MACD>0 & RSI>55,None,True,52234.36567451207,47010.92910706086,0.4480117788798884,0.4969956897879291,100008.44220432092,100008.44220432092,
2025-06-26 08:00:00,GemmaLearner,BUY,RULES,107753.07,0.04362838952714838,4701.0929107060865,10.0,SMA50>SMA200 & MACD>0 & RSI>55,None,True,47010.92910706086,42309.83619635477,0.49699568978792913,0.5406240793150775,100563.74045847787,100563.74045847787,
2025-06-27 08:00:00,GemmaLearner,SELL,RULES,106998.53,0.027031203965753876,2892.299088465835,5.0,EMA12<EMA26,None,False,42309.83619635477,45202.13528482061,0.5406240793150775,0.5135928753493236,100155.81796567148,100155.81796567148,16.736459691948
2025-06-28 08:00:00,GemmaLearner,BUY,RULES,107379.99,0.04209549217207098,4520.213528482061,10.0,SMA50>SMA200 & MACD>0 & RSI>55,None,True,45202.13528482061,40681.92175633855,0.5135928753493236,0.5556883675213946,100351.73310390222,100351.73310390222,
2025-06-29 08:00:00,GemmaLearner,BUY,RULES,107693.85,0.037775529202771135,4068.1921756338547,10.0,SMA50>SMA200 & MACD>0 & RSI>55,None,False,40681.92175633855,36613.72958070469,0.5556883675213946,0.5934638967241658,100526.14145493248,100526.14145493248,
2025-06-30 08:00:00,GemmaLearner,BUY,RULES,107512.89,0.017027599937414338,1830.6864790352347,5.0,EMA12>EMA26,None,False,36613.72958070469,34783.04310166946,0.5934638967241658,0.6104914966615801,100418.74822818128,100418.74822818127,
2025-07-01 08:00:00,GemmaLearner,SELL,RULES,106710.12,0.030524574833079007,3257.281043386841,5.0,EMA12<EMA26,None,True,34783.04310166946,38040.3241450563,0.6104914966615801,0.5799669218285011,99928.66396940626,99928.66396940628,4.54193689409021
2025-07-02 08:00:00,GemmaLearner,BUY,RULES,107728.99,0.017655565203505714,1902.016207252815,5.0,EMA12>EMA26,None,True,38040.3241450563,36138.30793780348,0.5799669218285011,0.5976224870320068,100519.57486704967,100519.57486704967,
2025-07-03 08:00:00,GemmaLearner,BUY,RULES,109377.57,0.016519981170638312,1806.9153968901742,5.0,EMA12>EMA26,None,True,36138.30793780348,34331.39254091331,0.5976224870320068,0.6141424682026452,101504.8033467209,101504.8033467209,
2025-07-04 08:00:00,GemmaLearner,SELL,RULES,108763.28,0.03070712341013226,3339.80746145077,5.0,EMA12<EMA26,None,True,34331.39254091331,37671.20000236408,0.6141424682026452,0.5834353447925129,101127.5417699287,101127.5417699287,64.25873007550717
2025-07-05 08:00:00,GemmaLearner,BUY,RULES,108029.97,0.017435532011331707,1883.560000118204,5.0,RSI>60 & price>SMA20,None,True,37671.20000236408,35787.64000224588,0.5834353447925129,0.6008708768038447,100699.7027972389,100699.70279723892,
2025-07-06 08:00:00,GemmaLearner,SELL,RULES,108005.27,0.030043543840192234,3244.861064216799,5.0,EMA12<EMA26,None,False,35787.64000224588,39032.501066462675,0.6008708768038447,0.5708273329636524,100684.86128658186,100684.86128658186,38.91176940438969
2025-07-07 08:00:00,GemmaLearner,BUY,RULES,109011.7,0.035805790632072225,3903.250106646268,10.0,SMA50>SMA200 & MACD>0 & RSI>55,None,True,39032.501066462675,35129.25095981641,0.5708273329636524,0.6066331235957246,101259.35903929645,101259.35903929645,
2025-07-08 08:00:00,GemmaLearner,SELL,RULES,108262.36,0.030331656179786233,3283.776680732242,5.0,EMA12<EMA26,None,False,35129.25095981641,38413.02764054865,0.6066331235957246,0.5763014674159384,100804.78457446126,100804.78457446124,42.96234532813967
2025-07-09 08:00:00,GemmaLearner,BUY,RULES,108654.16,0.017676740421419968,1920.6513820274326,5.0,EMA12>EMA26,None,False,38413.02764054865,36492.37625852122,0.5763014674159384,0.5939782078373583,101030.5794893948,101030.5794893948,
2025-07-10 08:00:00,GemmaLearner,BUY,RULES,111233.33,0.03280705185983483,3649.2376258521217,10.0,SMA50>SMA200 & MACD>0 & RSI>55,None,True,36492.376258521224,32843.1386326691,0.5939782078373583,0.6267852596971931,102562.5502637027,102562.55026370268,
2025-07-11 08:00:00,GemmaLearner,BUY,RULES,117964.76,0.027841483026514954,3284.31386326691,10.0,SMA50>SMA200 & MACD>0 & RSI>55,None,True,32843.1386326691,29558.82476940219,0.6267852596971931,0.654626742723708,106781.71136438615,106781.71136438614,
2025-07-12 08:00:00,GemmaLearner,BUY,RULES,117929.65,0.025064794790285727,2955.882476940219,10.0,SMA50>SMA200 & MACD>0 & RSI>55,None,True,29558.82476940219,26602.94229246197,0.654626742723708,0.6796915375139938,106758.72741944912,106758.72741944913,
2025-07-13 08:00:00,GemmaLearner,BUY,RULES,117895.78,0.02256479603634835,2660.294229246197,10.0,SMA50>SMA200 & MACD>0 & RSI>55,None,True,26602.94229246197,23942.648063215773,0.6796915375139938,0.7022563335503421,106735.70626707353,106735.70626707353,
2025-07-14 08:00:00,GemmaLearner,BUY,RULES,122578.0,0.01953258175465073,2394.2648063215775,10.0,SMA50>SMA200 & MACD>0 & RSI>55,None,True,23942.648063215773,21548.383256894194,0.7022563335503421,0.7217889153049929,110023.82491714961,110023.82491714961,
2025-07-15 08:00:00,GemmaLearner,SELL,RULES,116777.47,0.036089445765249646,4214.434170168068,5.0,EMA12<EMA26,None,True,21548.383256894194,25762.817427062262,0.7217889153049929,0.6856994695397433,105837.06666025554,105837.06666025554,292.4283323514475
2025-07-16 08:00:00,GemmaLearner,BUY,RULES,118699.99,0.021704144564007346,2576.2817427062264,10.0,SMA50>SMA200 & MACD>0 & RSI>55,None,True,25762.817427062262,23186.535684356037,0.6856994695397433,0.7074036141037506,107155.3376044351,107155.3376044351,
2025-07-17 08:00:00,GemmaLearner,SELL,RULES,118330.93,0.035370180705187534,4185.386377112896,5.0,EMA12<EMA26,None,False,23186.535684356037,27371.922061468933,0.7074036141037506,0.6720334333985631,106894.26322661396,106894.26322661396,330.6667440517959
2025-07-18 08:00:00,GemmaLearner,BUY,RULES,118642.01,0.011535510086801858,1368.5961030734468,5.0,EMA12>EMA26,None,True,27371.922061468933,26003.325958395486,0.6720334333985631,0.683568943485365,107103.31938707558,107103.31938707558,
2025-07-19 08:00:00,GemmaLearner,BUY,RULES,118101.82,0.011008859117664523,1300.1662979197745,5.0,RSI>60 & price>SMA20,None,True,26003.325958395486,24703.15966047571,0.683568943485365,0.6945778026030295,106734.06227949425,106734.06227949423,
2025-07-20 08:00:00,GemmaLearner,BUY,RULES,118151.14,0.010454050490107718,1235.1579830237856,5.0,RSI>60 & price>SMA20,None,False,24703.15966047571,23468.001677451924,0.6945778026030295,0.7050318530931372,106768.3188567186,106768.3188567186,
2025-07-21 08:00:00,GemmaLearner,BUY,RULES,119016.83,0.009859110546572247,1173.4000838725963,5.0,EMA12>EMA26,None,True,23468.001677451924,22294.60159357933,0.7050318530931372,0.7148909636397095,107378.65788162281,107378.65788162281,
2025-07-22 08:00:00,GemmaLearner,BUY,RULES,118289.99,0.009423705925403886,1114.7300796789666,5.0,RSI>60 & price>SMA20,None,False,22294.60159357933,21179.87151390036,0.7148909636397095,0.7243146695651134,106859.04653361093,106859.04653361093,
2025-07-23 08:00:00,GemmaLearner,BUY,RULES,118423.21,0.008942449505422273,1058.993575695018,5.0,EMA12>EMA26,None,False,21179.87151390036,20120.877938205344,0.7243146695651134,0.7332571190705356,106955.5397338904,106955.53973389039,
2025-07-24 08:00:00,GemmaLearner,SELL,RULES,118775.28,0.03666285595352678,4354.64098147981,5.0,EMA12<EMA26,None,False,20120.877938205344,24475.518919685153,0.7332571190705356,0.6965942631170088,107213.69756780154,107213.69756780154,330.10512390858605
2025-07-25 08:00:00,GemmaLearner,SELL,RULES,115202.55,0.06965942631170088,8024.943542645037,10.0,SMA50<SMA200 & MACD<0 & RSI<45,None,True,24475.518919685153,32500.46246233019,0.6965942631170088,0.6269348368053079,104724.95434613552,104724.95434613552,378.3254132597107
2025-07-26 08:00:00,GemmaLearner,BUY,RULES,117557.14,0.013823261803719534,1625.0231231165096,5.0,EMA12>EMA26,None,True,32500.46246233019,30875.43933921368,0.6269348368053079,0.6407580986090274,106201.12884352893,106201.12884352893,
2025-07-27 08:00:00,GemmaLearner,BUY,RULES,117950.47,0.013088307040749257,1543.771966960684,5.0,EMA12>EMA26,None,True,30875.43933921368,29331.667372252996,0.6407580986090274,0.6538464056497767,106453.15822645482,106453.15822645482,
2025-07-28 08:00:00,GemmaLearner,BUY,RULES,119072.45,0.012316731272537433,1466.5833686126498,5.0,EMA12>EMA26,None,True,29331.667372252996,27865.084003640346,0.6538464056497767,0.6661631369223141,107186.76081666574,107186.76081666574,
2025-07-29 08:00:00,GemmaLearner,BUY,RULES,118923.8,0.023431040719889835,2786.508400364035,10.0,SMA50>SMA200 & MACD>0 & RSI>55,None,True,27865.084003640346,25078.57560327631,0.6661631369223141,0.689594177642204,107087.73566636225,107087.73566636225,
2025-07-30 08:00:00,GemmaLearner,BUY,RULES,118372.73,0.010593054499662344,1253.9287801638156,5.0,RSI>60 & price>SMA20,None,False,25078.57560327631,23824.646823112493,0.689594177642204,0.7001872321418663,106707.72100288895,106707.72100288895,
2025-07-31 08:00:00,GemmaLearner,BUY,RULES,118593.94,0.010044630789360945,1191.2323411556247,5.0,EMA12>EMA26,None,True,23824.646823112493,22633.41448195687,0.7001872321418663,0.7102318629312272,106862.60942051106,106862.60942051106,
2025-08-01 08:00:00,GemmaLearner,SELL,RULES,114615.99,0.07102318629312272,8140.392809940691,10.0,SMA50<SMA200 & MACD<0 & RSI<45,None,True,22633.41448195687,30773.80729189756,0.7102318629312272,0.6392086766381044,104037.34258136377,104037.34258136377,271.73169545656674
2025-08-02 08:00:00,GemmaLearner,SELL,RULES,113682.01,0.03196043383190522,3633.3263584829874,5.0,EMA12<EMA26,None,True,30773.807291897563,34407.13365038055,0.6392086766381044,0.6072482428061992,103440.33446155732,103440.33446155732,92.42885696513186
2025-08-03 08:00:00,GemmaLearner,BUY,RULES,113692.0,0.015131730311007174,1720.3566825190276,5.0,RSI>60 & price>SMA20,None,True,34407.13365038055,32686.776967861522,0.6072482428061992,0.6223799731172064,103446.40087150295,103446.40087150296,
2025-08-04 08:00:00,GemmaLearner,BUY,RULES,114546.25,0.014267938482430251,1634.3388483930762,5.0,EMA12>EMA26,None,True,32686.776967861522,31052.438119468447,0.6223799731172064,0.6366479115996366,103978.06896353833,103978.06896353833,
2025-08-05 08:00:00,GemmaLearner,SELL,RULES,114281.09,0.06366479115996367,7275.681728383011,10.0,SMA50<SMA200 & MACD<0 & RSI<45,None,False,31052.438119468447,38328.119847851456,0.6366479115996366,0.5729831204396729,103809.25540329856,103809.25540329856,212.50692240787652
2025-08-06 08:00:00,GemmaLearner,SELL,RULES,113948.22,0.028649156021983646,3264.5203332073174,5.0,EMA12<EMA26,None,False,38328.119847851456,41592.64018105877,0.5729831204396729,0.5443339644176892,103618.5265119978,103618.5265119978,86.09167051850645
2025-08-07 08:00:00,GemmaLearner,BUY,RULES,114948.74,0.018091820832946394,2079.6320090529384,5.0,EMA12>EMA26,None,False,41592.64018105877,39513.00817200583,0.5443339644176892,0.5624257852506356,104163.14353007698,104163.14353007698,
2025-08-08 08:00:00,GemmaLearner,BUY,RULES,116620.63,0.016940831211427098,1975.6504086002915,5.0,EMA12>EMA26,None,True,39513.00817200583,37537.35776340554,0.5624257852506356,0.5793666164620627,105103.45757617967,105103.45757617966,
2025-08-09 08:00:00,GemmaLearner,BUY,RULES,117106.65,0.032053993315841196,3753.7357763405544,10.0,SMA50>SMA200 & MACD>0 & RSI>55,None,False,37537.35776340554,33783.62198706499,0.5793666164620627,0.6114206097779039,105385.04133911255,105385.04133911256,
2025-08-10 08:00:00,GemmaLearner,BUY,RULES,118308.85,0.02855544786976206,3378.362198706499,10.0,SMA50>SMA200 & MACD>0 & RSI>55,None,True,33783.62198706499,30405.25978835849,0.6114206097779039,0.639976057647666,106120.09119618757,106120.09119618757,
2025-08-11 08:00:00,GemmaLearner,BUY,RULES,121679.13,0.024988064747305874,3040.525978835849,10.0,SMA50>SMA200 & MACD>0 & RSI>55,None,True,30405.25978835849,27364.73380952264,0.639976057647666,0.6649641223949718,108276.98970375632,108276.98970375634,
2025-08-12 08:00:00,GemmaLearner,SELL,RULES,118814.7,0.033248206119748595,3950.3756356560934,5.0,EMA12<EMA26,None,True,27364.733809522644,31315.109445178736,0.6649641223949718,0.6317159162752233,106372.2465226445,106372.2465226445,219.47308752491563
2025-08-13 08:00:00,GemmaLearner,BUY,RULES,120044.49,0.0260862530593272,3131.5109445178737,10.0,SMA50>SMA200 & MACD>0 & RSI>55,None,False,31315.109445178736,28183.59850066086,0.6317159162752233,0.6578021693345505,107149.12443932061,107149.12443932061,
2025-08-14 08:00:00,GemmaLearner,BUY,RULES,121637.78,0.011585051330540917,1409.1799250330432,5.0,EMA12>EMA26,None,True,28183.59850066086,26774.418575627817,0.6578021693345505,0.6693872206650914,108197.19405769967,108197.19405769966,
2025-08-15 08:00:00,GemmaLearner,BUY,RULES,118878.72,0.011261232698176688,1338.720928781391,5.0,RSI>60 & price>SMA20,None,True,26774.418575627817,25435.697646846427,0.6693872206650914,0.6806484533632681,106350.31455265143,106350.31455265143,
2025-08-16 08:00:00,GemmaLearner,SELL,RULES,117631.09,0.034032422668163406,4003.27097379677,5.0,EMA12<EMA26,None,True,25435.697646846427,29438.968620643198,0.6806484533632681,0.6466160306951046,105501.11712278181,105501.11712278181,164.9429631555365
2025-08-17 08:00:00,GemmaLearner,BUY,RULES,118366.06,0.012435561604670799,1471.94843103216,5.0,EMA12>EMA26,None,False,29438.968620643198,27967.020189611037,0.6466160306951046,0.6590515922997755,105976.36050686179,105976.3605068618,
2025-08-18 08:00:00,GemmaLearner,SELL,RULES,115135.43,0.06590515922997756,7588.018847161934,10.0,SMA50<SMA200 & MACD<0 & RSI<45,None,True,27967.020189611037,35555.03903677297,0.6590515922997755,0.593146433069798,103847.20866123037,103847.20866123038,148.00078384037505
2025-08-19 08:00:00,GemmaLearner,SELL,RULES,115186.48,0.0593146433069798,6832.244974986563,10.0,SMA50<SMA200 & MACD<0 & RSI<45,None,True,35555.03903677297,42387.28401175953,0.593146433069798,0.5338317897628182,103877.4887866386,103877.4887866386,136.22871799715992
2025-08-20 08:00:00,GemmaLearner,BUY,RULES,114010.0,0.018589283401350555,2119.364200587977,5.0,RSI>60 & price>SMA20,None,True,42387.28401175953,40267.91981117156,0.5338317897628182,0.5524210731641688,103249.44636261844,103249.44636261844,
2025-08-21 08:00:00,GemmaLearner,SELL,RULES,113588.45,0.02762105365820844,3137.4326724027264,5.0,EMA12<EMA26,None,False,40267.91981117156,43405.35248357429,0.5524210731641688,0.5248000195059603,103016.57325922608,103016.57325922608,18.25714672809657
2025-08-22 08:00:00,GemmaLearner,SELL,RULES,112980.34,0.02624000097529802,2964.6042317895017,5.0,EMA12<EMA26,None,True,43405.35248357429,46369.95671536379,0.5248000195059603,0.49856001853066234,102697.43711936432,102697.43711936433,1.3874823986036295
2025-08-23 08:00:00,GemmaLearner,BUY,RULES,115746.12,0.020030890329353502,2318.49783576819,5.0,EMA12>EMA26,None,True,46369.95671536379,44051.4588795956,0.4985600185306623,0.5185909088600158,104076.34444741605,104076.34444741605,
2025-08-24 08:00:00,GemmaLearner,SELL,RULES,114838.02,0.05185909088600158,5955.3953163484675,10.0,SMA50<SMA200 & MACD<0 & RSI<45,None,False,44051.4588795956,50006.85419594407,0.5185909088600158,0.4667318179740142,103605.41204308027,103605.41204308027,93.43370892894268
2025-08-26 08:00:00,GemmaLearner,SELL,RULES,110102.02,0.046673181797401424,5138.811595721128,10.0,SMA50<SMA200 & MACD<0 & RSI<45,None,True,50006.85419594407,55145.6657916652,0.4667318179740142,0.42005863617661277,101394.97015315534,101394.97015315534,-136.9538509564454
2025-08-27 08:00:00,GemmaLearner,BUY,RULES,110756.01,0.024895112144101797,2757.28328958326,5.0,EMA12>EMA26,None,False,55145.6657916652,52388.382502081935,0.42005863617661277,0.44495374832071455,101669.68430062848,101669.68430062848,
2025-08-28 08:00:00,GemmaLearner,BUY,RULES,113128.49,0.023154371857204998,2619.419125104097,5.0,EMA12>EMA26,None,True,52388.382502081935,49768.96337697784,0.44495374832071455,0.46810812017791953,102725.3281694444,102725.3281694444,
2025-08-29 08:00:00,GemmaLearner,SELL,RULES,109628.02,0.046810812017791956,5131.776636102737,10.0,SMA50<SMA200 & MACD<0 & RSI<45,None,True,49768.96337697784,54900.740013080576,0.46810812017791953,0.42129730816012756,101086.7297380052,101086.7297380052,-154.08250737581483
2025-08-30 08:00:00,GemmaLearner,SELL,RULES,108568.0,0.02106486540800638,2286.970307616437,5.0,EMA12<EMA26,None,True,54900.740013080576,57187.71032069701,0.42129730816012756,0.40023244275212116,100640.1461654093,100640.1461654093,-91.666306948912
2025-08-31 08:00:00,GemmaLearner,BUY,RULES,109011.67,0.02623008633878236,2859.3855160348508,5.0,EMA12>EMA26,None,False,57187.71032069701,54328.32480466216,0.40023244275212116,0.42646252909090354,100817.71729328514,100817.71729328514,
2025-09-01 08:00:00,GemmaLearner,SELL,RULES,109590.0,0.021323126454545177,2336.801428153606,5.0,EMA12<EMA26,None,False,54328.32480466216,56665.12623281577,0.42646252909090354,0.4051394026363584,101064.35336773428,101064.3533677343,-65.87263148521755
2025-09-02 08:00:00,GemmaLearner,BUY,RULES,110360.0,0.025672855306639986,2833.2563116407887,5.0,EMA12>EMA26,None,True,56665.12623281577,53831.86992117498,0.4051394026363584,0.4308122579429984,101376.31070776428,101376.31070776428,
2025-09-03 08:00:00,GemmaLearner,BUY,RULES,111019.99,0.024244223910115187,2691.593496058749,5.0,EMA12>EMA26,None,True,53831.86992117498,51140.27642511623,0.4308122579429984,0.45505648185311354,101660.64248988408,101660.64248988408,
2025-09-04 08:00:00,GemmaLearner,SELL,RULES,110640.97,0.02275282409265568,2517.3945278507945,5.0,EMA12<EMA26,None,True,51140.27642511623,53657.670952967026,0.45505648185311354,0.43230365776045787,101488.16698213211,101488.16698213211,-41.38831919106511
2025-09-05 08:00:00,GemmaLearner,BUY,RULES,112618.51,0.047645516667701455,5365.767095296703,10.0,SMA50>SMA200 & MACD>0 & RSI>55,None,True,53657.670952967026,48291.903857670324,0.43230365776045787,0.4799491744281593,102343.06475749973,102343.06475749973,
2025-09-06 08:00:00,GemmaLearner,SELL,RULES,110952.76,0.023997458721407967,2662.584278126285,5.0,EMA12<EMA26,None,True,48291.903857670324,50954.48813579661,0.4799491744281593,0.45595171570675136,101543.58942019602,101543.58942019602,-36.54778132831621
2025-09-07 08:00:00,GemmaLearner,BUY,RULES,111071.25,0.02293774857841098,2547.7244067898305,5.0,RSI>60 & price>SMA20,None,True,50954.48813579661,48406.76372900678,0.45595171570675136,0.4788894642851623,101597.6151389901,101597.6151389901,
2025-09-08 08:00:00,GemmaLearner,BUY,RULES,111684.25,0.04334251582385769,4840.676372900678,10.0,SMA50>SMA200 & MACD>0 & RSI>55,None,True,48406.76372900678,43566.0873561061,0.4788894642851624,0.52223198010902,101891.17438059693,101891.17438059693,
2025-09-09 08:00:00,GemmaLearner,BUY,RULES,112992.69,0.03855655384087776,4356.60873561061,10.0,SMA50>SMA200 & MACD>0 & RSI>55,None,True,43566.0873561061,39209.478620495494,0.52223198010902,0.5607885339498978,102574.48359265077,102574.48359265077,
2025-09-10 08:00:00,GemmaLearner,BUY,RULES,112370.08,0.034893166063862814,3920.9478620495497,10.0,SMA50>SMA200 & MACD>0 & RSI>55,None,False,39209.478620495494,35288.530758445944,0.5607885339498978,0.5956817000137606,102225.33104352822,102225.33104352822,
2025-09-11 08:00:00,GemmaLearner,BUY,RULES,114049.39,0.03094144629659654,3528.8530758445945,10.0,SMA50>SMA200 & MACD>0 & RSI>55,None,True,35288.530758445944,31759.67768260135,0.5956817000137606,0.6266231463103572,103225.66527917833,103225.66527917834,
2025-09-12 08:00:00,GemmaLearner,BUY,RULES,115048.0,0.02760558869567602,3175.967768260135,10.0,SMA50>SMA200 & MACD>0 & RSI>55,None,True,31759.67768260135,28583.709914341212,0.6266231463103572,0.6542287350060332,103851.41741931533,103851.41741931532,
2025-09-13 08:00:00,GemmaLearner,BUY,RULES,115978.01,0.012322900657780392,1429.1854957170608,5.0,EMA12>EMA26,None,True,28583.709914341212,27154.52441862415,0.6542287350060332,0.6665516356638136,104459.85668515827,104459.85668515827,
2025-09-14 08:00:00,GemmaLearner,BUY,RULES,115933.4,0.023422520532153938,2715.452441862415,10.0,SMA50>SMA200 & MACD>0 & RSI>55,None,False,27154.524418624147,24439.071976761734,0.6665516356638136,0.6899741561959676,104430.12181669132,104430.12181669133,
2025-09-15 08:00:00,GemmaLearner,SELL,RULES,114737.27,0.03449870780979838,3958.2875526239454,5.0,EMA12<EMA26,None,False,24439.071976761734,28397.359529385678,0.6899741561959676,0.6554754483861692,103604.82302924065,103604.82302924064,68.34128819033069
2025-09-16 08:00:00,GemmaLearner,BUY,RULES,115658.76,0.024552709651552276,2839.735952938568,10.0,SMA50>SMA200 & MACD>0 & RSI>55,None,False,28397.359529385678,25557.62357644711,0.6554754483861692,0.6800281580377215,104208.837100174,104208.83710017402,
2025-09-17 08:00:00,GemmaLearner,BUY,RULES,116860.0,0.021870292295436515,2555.7623576447113,10.0,SMA50>SMA200 & MACD>0 & RSI>55,None,True,25557.62357644711,23001.861218802398,0.6800281580377215,0.701898450333158,105025.71412473524,105025.71412473524,
2025-09-18 08:00:00,GemmaLearner,BUY,RULES,117229.59,0.019621207596821247,2300.18612188024,10.0,SMA50>SMA200 & MACD>0 & RSI>55,None,True,23001.861218802398,20701.675096922158,0.701898450333158,0.7215196579299793,105285.12877299388,105285.12877299388,
2025-09-19 08:00:00,GemmaLearner,SELL,RULES,116915.88,0.036075982896498965,4217.855287209126,5.0,EMA12<EMA26,None,False,20701.67509692216,24919.530384131285,0.7215196579299793,0.6854436750334804,105058.78084110467,105058.78084110467,137.62211437401558
2025-09-20 08:00:00,GemmaLearner,SELL,RULES,115701.43,0.03427218375167402,3965.3406692914486,5.0,EMA12<EMA26,None,True,24919.530384131285,28884.871053422736,0.6854436750334804,0.6511714912818063,104226.34376996025,104226.34376996025,89.11915509809438
2025-09-21 08:00:00,GemmaLearner,SELL,RULES,115629.6,0.032558574564090316,3764.734953415938,5.0,EMA12<EMA26,None,False,28884.871053422736,32649.606006838672,0.6511714912818063,0.618612916717716,104179.57012174148,104179.57012174149,82.32451493225099
2025-09-22 08:00:00,GemmaLearner,SELL,RULES,112629.07,0.0618612916717716,6967.379749990381,10.0,SMA50<SMA200 & MACD<0 & RSI<45,None,True,32649.606006838672,39616.98575682905,0.618612916717716,0.5567516250459444,102323.40350674248,102323.40350674248,-29.200083128623874
2025-09-23 08:00:00,GemmaLearner,SELL,RULES,113133.84,0.027837581252297225,3149.372463384394,5.0,EMA12<EMA26,None,True,39616.98575682905,42766.35822021345,0.5567516250459444,0.5289140437936473,102604.43502451692,102604.43502451692,0.9115384808414385
2025-09-24 08:00:00,GemmaLearner,BUY,RULES,112622.8,0.018986545450927098,2138.3179110106726,5.0,RSI>60 & price>SMA20,None,False,42766.35822021345,40628.04030920278,0.5289140437936473,0.5479005892445744,102334.13879157662,102334.13879157664,
2025-09-25 08:00:00,GemmaLearner,SELL,RULES,111727.21,0.054790058924457444,6121.540419365231,10.0,SMA50<SMA200 & MACD<0 & RSI<45,None,True,40628.04030920278,46749.580728568006,0.5479005892445744,0.493110530320117,101843.4445028551,101843.44450285508,-74.36712905258534
2025-09-26 08:00:00,GemmaLearner,SELL,RULES,109567.2,0.02465552651600585,2701.437004884516,5.0,EMA12<EMA26,None,True,46749.580728568006,49451.01773345252,0.493110530320117,0.46845500380411115,100778.32082625834,100778.32082625834,-86.72139190350143
2025-09-27 08:00:00,GemmaLearner,SELL,RULES,109252.01,0.04684550038041112,5117.965076015679,10.0,SMA50<SMA200 & MACD<0 & RSI<45,None,False,49451.01773345252,54568.9828094682,0.46845500380411115,0.4216095034237,100630.66849360931,100630.66849360931,-179.53587788155463
2025-09-28 08:00:00,GemmaLearner,SELL,RULES,109509.91,0.021080475171185,2308.5209387537043,5.0,EMA12<EMA26,None,False,54568.9828094682,56877.503748221905,0.4216095034237,0.400529028252515,100739.40158454228,100739.40158454228,-75.35449050005109
2025-09-29 08:00:00,GemmaLearner,BUY,RULES,112099.75,0.02536914834699538,2843.8751874110953,5.0,EMA12>EMA26,None,True,56877.503748221905,54033.62856081081,0.400529028252515,0.4258981765995104,101776.70768307179,101776.70768307179,
2025-09-30 08:00:00,GemmaLearner,BUY,RULES,113451.89,0.02381345456687007,2701.6814280405406,5.0,EMA12>EMA26,None,True,54033.62856081081,51331.94713277027,0.4258981765995104,0.44971163116638047,102352.58164357903,102352.58164357903,
2025-10-01 08:00:00,GemmaLearner,BUY,RULES,116111.28,0.04420926815445517,5133.194713277027,10.0,SMA50>SMA200 & MACD>0 & RSI>55,None,True,51331.94713277027,46198.75241949324,0.44971163116638047,0.4939208993208356,103548.54025838661,103548.5402583866,
2025-10-02 08:00:00,GemmaLearner,BUY,RULES,118668.89,0.038930803531989924,4619.875241949324,10.0,SMA50>SMA200 & MACD>0 & RSI>55,None,True,46198.75241949324,41578.877177543916,0.49392089932083566,0.5328517028528256,104811.79728969856,104811.79728969856,
2025-10-03 08:00:00,GemmaLearner,BUY,RULES,120038.6,0.01731896122478266,2078.943858877196,5.0,EMA12>EMA26,None,True,41578.877177543916,39499.93331866672,0.5328517028528257,0.5501706640776083,105541.64959561313,105541.64959561311,
2025-10-04 08:00:00,GemmaLearner,BUY,RULES,122267.57,0.016153070400706713,1974.996665933336,5.0,EMA12>EMA26,None,True,39499.93331866672,37524.936652733384,0.5501706640776083,0.566323734478315,106767.96350072218,106767.96350072217,
2025-10-05 08:00:00,GemmaLearner,BUY,RULES,124595.99,0.03011729081548562,3752.4936652733386,10.0,SMA50>SMA200 & MACD>0 & RSI>55,None,True,37524.936652733384,33772.44298746005,0.566323734478315,0.5964410252938006,108086.60301055617,108086.60301055618,
2025-10-06 08:00:00,GemmaLearner,BUY,RULES,123846.55,0.027269587233120382,3377.244298746005,10.0,SMA50>SMA200 & MACD>0 & RSI>55,None,True,33772.44298746005,30395.19868871404,0.5964410252938006,0.623710612526921,107639.60624855998,107639.60624855998,
2025-10-07 08:00:00,GemmaLearner,SELL,RULES,123861.75,0.031185530626346047,3862.6943980578176,5.0,EMA12<EMA26,None,True,30395.19868871404,34257.89308677186,0.623710612526921,0.592525081900575,107649.08664987038,107649.0866498704,273.8974872913565
2025-10-08 08:00:00,GemmaLearner,BUY,RULES,122381.85,0.013996312805686407,1712.894654338593,5.0,RSI>60 & price>SMA20,None,True,34257.89308677186,32544.998432433265,0.592525081900575,0.6065213947062613,106772.20878116574,106772.20878116573,
2025-10-09 08:00:00,GemmaLearner,SELL,RULES,121261.62,0.030326069735313068,3677.3883443370337,5.0,EMA12<EMA26,None,True,32544.998432433265,36222.3867767703,0.6065213947062613,0.5761953249709483,106092.76531917394,106092.76531917392,182.38654639196494
2025-10-10 08:00:00,GemmaLearner,BUY,RULES,121631.54,0.014890211361613238,1811.119338838515,5.0,RSI>60 & price>SMA20,None,True,36222.3867767703,34411.26743793178,0.5761953249709483,0.5910855363325616,106305.9114937872,106305.9114937872,
2025-10-12 08:00:00,GemmaLearner,SELL,RULES,111310.9,0.05910855363325616,6579.426302616012,10.0,SMA50<SMA200 & MACD<0 & RSI<45,None,True,34411.26743793178,40990.693740547795,0.5910855363325616,0.5319769826993054,100205.53046409192,100205.5304640919,-242.18904736346997
2025-10-13 08:00:00,GemmaLearner,BUY,RULES,115254.23,0.017782728556057247,2049.5346870273897,5.0,EMA12>EMA26,None,True,40990.693740547795,38941.1590535204,0.5319769826993054,0.5497597112553626,102303.29125927956,102303.29125927955,
2025-10-14 08:00:00,GemmaLearner,SELL,RULES,111803.33,0.05497597112553626,6146.496641818802,10.0,SMA50<SMA200 & MACD<0 & RSI<45,None,True,38941.1590535204,45087.65569533921,0.5497597112553626,0.49478374012982634,100406.12547170842,100406.12547170842,-197.91064186547018
2025-10-15 08:00:00,GemmaLearner,SELL,RULES,112944.85,0.024739187006491317,2794.163765570111,5.0,EMA12<EMA26,None,True,45087.65569533921,47881.81946090932,0.49478374012982634,0.47004455312333504,100970.93100674142,100970.93100674142,-60.81951208781151
2025-10-16 08:00:00,GemmaLearner,SELL,RULES,110817.5,0.04700445531233351,5208.916226574518,10.0,SMA50<SMA200 & MACD<0 & RSI<45,None,True,47881.81946090932,53090.73568748384,0.47004455312333504,0.42304009781100155,99970.9817266545,99970.9817266545,-215.55200097553484
2025-10-17 08:00:00,GemmaLearner,SELL,RULES,104884.38,0.04230400978110016,4437.029837404626,10.0,SMA50<SMA200 & MACD<0 & RSI<45,None,True,53090.73568748384,57527.76552488846,0.42304009781100155,0.3807360880299014,97461.0340615301,97461.0340615301,-444.99156739042155
2025-10-18 08:00:00,GemmaLearner,SELL,RULES,106719.2,0.01903680440149507,2031.5925362840328,5.0,EMA12<EMA26,None,True,57527.76552488846,59559.3580611725,0.3807360880299014,0.3616992836284063,98159.61625056912,98159.61625056912,-165.31709587373865
2025-10-19 08:00:00,GemmaLearner,SELL,RULES,106443.95,0.03616992836284063,3850.07004615779,10.0,SMA50<SMA200 & MACD<0 & RSI<45,None,False,59559.3580611725,63409.428107330285,0.3616992836284063,0.3255293552655657,98060.05852275039,98060.05852275039,-324.05825494197524
2025-10-20 08:00:00,GemmaLearner,BUY,RULES,111097.15,0.028537828426440412,3170.4714053665143,5.0,EMA12>EMA26,None,True,63409.428107330285,60238.95670196377,0.3255293552655657,0.3540671836920061,99574.81171867214,99574.81171867214,
2025-10-21 08:00:00,GemmaLearner,SELL,RULES,107695.79,0.03540671836920061,3813.154506078571,10.0,SMA50<SMA200 & MACD<0 & RSI<45,None,True,60238.95670196377,64052.11120804234,0.3540671836920061,0.3186604653228055,98370.50176274948,98370.50176274948,-260.6081054478687
2025-10-22 08:00:00,GemmaLearner,SELL,RULES,108229.3,0.015933023266140278,1724.419954978076,5.0,EMA12<EMA26,None,True,64052.11120804235,65776.53116302042,0.3186604653228055,0.30272744205666524,98540.51030760386,98540.51030760386,-108.77322020882204
2025-10-23 08:00:00,GemmaLearner,BUY,RULES,109505.44,0.030033453663589876,3288.8265581510213,5.0,EMA12>EMA26,None,True,65776.53116302042,62487.7046048694,0.30272744205666524,0.33276089572025513,98926.83290551006,98926.83290551006,
2025-10-24 08:00:00,GemmaLearner,BUY,RULES,111097.8,0.0562456723759331,6248.7704604869405,10.0,SMA50>SMA200 & MACD>0 & RSI>55,None,True,62487.7046048694,56238.93414438246,0.33276089572025513,0.3890065680961882,99456.70804541916,99456.70804541916,
2025-10-25 08:00:00,GemmaLearner,BUY,RULES,111763.8,0.05031945419212881,5623.8934144382465,10.0,SMA50>SMA200 & MACD>0 & RSI>55,None,True,56238.93414438246,50615.040729944216,0.3890065680961882,0.439326022288317,99715.78641977122,99715.78641977123,
2025-10-26 08:00:00,GemmaLearner,BUY,RULES,111776.94,0.022641092487387927,2530.752036497211,5.0,EMA12>EMA26,None,True,50615.040729944216,48084.28869344701,0.439326022288317,0.46196711477570496,99721.55916370409,99721.55916370409,
2025-10-27 08:00:00,GemmaLearner,BUY,RULES,115014.88,0.04180701548655879,4808.428869344701,10.0,SMA50>SMA200 & MACD>0 & RSI>55,None,True,48084.28869344701,43275.85982410231,0.4619671147757049,0.5037741302622637,101217.38096332093,101217.38096332093,
2025-10-28 08:00:00,GemmaLearner,SELL,RULES,114427.23,0.025188706513113186,2882.2739135785005,5.0,EMA12<EMA26,None,True,43275.85982410231,46158.13373768081,0.5037741302622637,0.47858542374915053,100921.33809567231,100921.33809567231,15.70683020504156
2025-10-29 08:00:00,GemmaLearner,SELL,RULES,113070.94,0.023929271187457527,2705.7051866807387,5.0,EMA12<EMA26,None,True,46158.13373768081,48863.838924361546,0.47858542374915053,0.454656152561693,100272.23747129558,100272.23747129558,-17.533542524046787
2025-10-31 08:00:00,GemmaLearner,BUY,RULES,110062.44,0.022198235349117076,2443.191946218077,5.0,RSI>60 & price>SMA20,None,True,48863.838924361546,46420.64697814347,0.454656152561693,0.4768543879108101,98904.40443631372,98904.40443631374,
2025-11-01 08:00:00,GemmaLearner,BUY,RULES,110248.88,0.021052661477442437,2321.032348907174,5.0,EMA12>EMA26,None,True,46420.64697814347,44099.6146292363,0.4768543879108101,0.49790704938825253,98993.30916839582,98993.30916839582,
2025-11-02 08:00:00,GemmaLearner,BUY,RULES,110850.17,0.019891541271085243,2204.980731461815,5.0,EMA12>EMA26,None,True,44099.6146292363,41894.63389777448,0.49790704938825253,0.5177985906593378,99292.6956981225,99292.69569812248,
2025-11-03 08:00:00,GemmaLearner,SELL,RULES,107586.97,0.05177985906593378,5570.838143930845,10.0,SMA50<SMA200 & MACD<0 & RSI<45,None,True,41894.63389777448,47465.472041705325,0.5177985906593378,0.46601873159340396,97603.01533708294,97603.01533708294,-300.2359442169541
2025-11-06 08:00:00,GemmaLearner,BUY,RULES,103200.26,0.02299677929188615,2373.2736020852662,5.0,EMA12>EMA26,None,False,47465.472041705325,45092.19843962006,0.46601873159340396,0.4890155108852901,95558.72630701482,95558.72630701482,
2025-11-07 08:00:00,GemmaLearner,SELL,RULES,101496.18,0.024450775544264506,2481.6603157802683,5.0,EMA12<EMA26,None,True,45092.19843962006,47573.858755400324,0.4890155108852901,0.4645647353410256,94725.40475522542,94725.40475522542,-278.98670399050496
2025-11-08 08:00:00,GemmaLearner,BUY,RULES,102431.74,0.0232222252377048,2378.692937770016,5.0,EMA12>EMA26,None,True,47573.858755400324,45195.16581763031,0.4645647353410256,0.4877869605787304,95160.03293902107,95160.03293902107,
2025-11-09 08:00:00,GemmaLearner,SELL,RULES,101972.94,0.02438934802893652,2487.053523193862,5.0,EMA12<EMA26,None,False,45195.16581763031,47682.21934082417,0.4877869605787304,0.4633976125497939,94936.23628150755,94936.23628150756,-254.49579247687328
2025-11-10 08:00:00,GemmaLearner,BUY,RULES,105965.46,0.0224989441563431,2384.110967041209,5.0,EMA12>EMA26,None,True,47682.21934082417,45298.10837378296,0.4633976125497939,0.485896556706137,96786.36051756486,96786.36051756486,
2025-11-11 08:00:00,GemmaLearner,BUY,RULES,105157.8,0.021538159020910937,2264.905418689148,5.0,EMA12>EMA26,None,False,45298.10837378296,43033.20295509382,0.48589655670613696,0.5074347157270479,96393.92130457558,96393.92130457558,
2025-11-12 08:00:00,GemmaLearner,BUY,RULES,104147.24,0.020659790386712992,2151.660147754691,5.0,RSI>60 & price>SMA20,None,True,43033.20295509382,40881.54280733912,0.5074347157270479,0.5280945061137609,95881.12807825045,95881.12807825045,
2025-11-13 08:00:00,GemmaLearner,BUY,RULES,103684.06,0.01971447819816234,2044.0771403669562,5.0,RSI>60 & price>SMA20,None,True,40881.54280733912,38837.465666972166,0.5280945061137609,0.5478089843119232,95636.52526490868,95636.52526490866,
2025-11-15 08:00:00,GemmaLearner,SELL,RULES,95910.88,0.02739044921559616,2627.0420878631376,5.0,EMA12<EMA26,None,True,38837.46566697216,41464.5077548353,0.5478089843119232,0.520418535096327,91378.3074242349,91378.3074242349,-419.6674457166612
2025-11-16 08:00:00,GemmaLearner,SELL,RULES,96116.94,0.026020926754816348,2501.0518556370776,5.0,EMA12<EMA26,None,False,41464.5077548353,43965.55961047238,0.520418535096327,0.4943976083415106,91485.54486757686,91485.54486757686,-393.3222012637307
2025-11-17 08:00:00,GemmaLearner,BUY,RULES,95619.06,0.022989955982872234,2198.277980523619,5.0,RSI>60 & price>SMA20,None,False,43965.55961047238,41767.28162994876,0.4943976083415106,0.5173875643243828,91239.39418633579,91239.39418633579,
2025-11-18 08:00:00,GemmaLearner,SELL,RULES,91220.0,0.05173875643243828,4719.60936176702,10.0,SMA50<SMA200 & MACD<0 & RSI<45,None,True,41767.28162994876,46486.89099171578,0.5173875643243828,0.4656488078919445,88963.37524761897,88963.37524761897,-999.5291443968782
2025-11-19 08:00:00,GemmaLearner,SELL,RULES,91470.44,0.046564880789194456,4259.310134335165,10.0,SMA50<SMA200 & MACD<0 & RSI<45,None,True,46486.89099171578,50746.201126050946,0.4656488078919445,0.41908392710275005,89079.99233506742,89079.99233506742,-887.9145212123444
2025-11-20 08:00:00,GemmaLearner,BUY,RULES,92128.22,0.027541073259665143,2537.3100563025473,5.0,EMA12>EMA26,None,True,50746.201126050946,48208.891069748395,0.41908392710275005,0.4466250003624152,89355.65736063707,89355.65736063707,
2025-11-22 08:00:00,GemmaLearner,SELL,RULES,84016.77,0.022331250018120762,1876.199496584948,5.0,EMA12<EMA26,None,True,48208.891069748395,50085.09056633334,0.4466250003624152,0.42429375034429445,85732.88100144736,85732.88100144736,-566.9171012265581
2025-11-23 08:00:00,GemmaLearner,BUY,RULES,86137.19,0.029072860727366045,2504.2545283166673,5.0,EMA12>EMA26,None,True,50085.09056633334,47580.83603801667,0.42429375034429445,0.4533666110716605,86632.5619555524,86632.5619555524,
2025-11-24 08:00:00,GemmaLearner,BUY,RULES,86961.51,0.027357411363956693,2379.0418019008334,5.0,EMA12>EMA26,None,True,47580.83603801667,45201.794236115835,0.4533666110716605,0.4807240224356172,87006.28112039098,87006.28112039098,
